<?xml version="1.0" encoding="UTF-8"?>
<beans xmlns="http://www.springframework.org/schema/beans"
	xmlns:xsi="http://www.w3.org/2001/XMLSchema-instance"
	xmlns:p="http://www.springframework.org/schema/p"
	xmlns:c="http://www.springframework.org/schema/c"
	xmlns:mybatis-spring="http://mybatis.org/schema/mybatis-spring"
	xsi:schemaLocation="http://mybatis.org/schema/mybatis-spring http://mybatis.org/schema/mybatis-spring-1.2.xsd
		http://www.springframework.org/schema/beans http://www.springframework.org/schema/beans/spring-beans-4.0.xsd">


    <bean id="sqlSessionFactory" class="org.mybatis.spring.SqlSessionFactoryBean" 
		p:dataSource-ref="dataSource"
		p:mapperLocations="classpath:kr/or/ddit/db/mybatis/mappers/*.xml"
		p:typeAliasesPackage="kr.or.ddit.**"
	>
		<property name="typeAliases">
			<array>
				<value>egovframework.rte.psl.dataaccess.util.EgovMap</value>
			</array>
		</property>
	</bean>
	
	<bean id="sqlSessionTemplate" class="org.mybatis.spring.SqlSessionTemplate" 
		c:sqlSessionFactory-ref="sqlSessionFactory"
	/>
	
	<mybatis-spring:scan base-package="kr.or.ddit.**"
		annotation="org.springframework.stereotype.Repository"
	/>
</beans>