<?xml version="1.0" encoding="UTF-8"?>
<beans:beans
	xmlns="http://www.springframework.org/schema/security"
	xmlns:beans="http://www.springframework.org/schema/beans"
	xmlns:xsi="http://www.w3.org/2001/XMLSchema-instance"
	xmlns:c="http://www.springframework.org/schema/c"
	xmlns:p="http://www.springframework.org/schema/p"
	xsi:schemaLocation="http://www.springframework.org/schema/beans http://www.springframework.org/schema/beans/spring-beans.xsd
		http://www.springframework.org/schema/security http://www.springframework.org/schema/security/spring-security-4.2.xsd">


	<beans:bean id="passwordEncoder"
		class="org.springframework.security.crypto.factory.PasswordEncoderFactories"
		factory-method="createDelegatingPasswordEncoder" />

	<beans:bean id="authenticationProvider"
		class="org.springframework.security.authentication.dao.DaoAuthenticationProvider"
		p:userDetailsService-ref="customUserService"
		p:passwordEncoder-ref="passwordEncoder"
		p:hideUserNotFoundExceptions="false" />

	<authentication-manager
		id="authenticationManager">
		<authentication-provider
			ref="authenticationProvider" />
	</authentication-manager>

	<beans:bean id="customAuthenticationSuccessHandler"
		class="kr.or.ddit.security.CustomAuthenticationSuccessHandler"
		p:defaultTargetUrl="/" p:alwaysUseDefaultTargetUrl="true" />


	<beans:bean id="i18nSupportFilter"
		class="kr.or.ddit.filter.I18nSupportFilter" />

	<http auto-config="true"
		authentication-manager-ref="authenticationManager"
		use-expressions="true">
		<form-login login-page="/login/loginForm.do"
			username-parameter="mem_id" password-parameter="mem_pass"
			login-processing-url="/login/loginProcess.do"
			authentication-success-handler-ref="customAuthenticationSuccessHandler" />

		<anonymous enabled="true" username="anonymous" />

		<logout logout-url="/login/logout.do" invalidate-session="true"
			logout-success-url="/" />

		<csrf disabled="true" />

		<remember-me remember-me-parameter="rememberMe"
			remember-me-cookie="rememberMeCookie" data-source-ref="dataSource"
			user-service-ref="customUserService" />

		<custom-filter ref="i18nSupportFilter" before="FIRST" />
	</http>

	<global-method-security
		pre-post-annotations="enabled" />
</beans:beans>
















