<?xml version="1.0" encoding="UTF-8"?>
<beans xmlns="http://www.springframework.org/schema/beans"
	xmlns:xsi="http://www.w3.org/2001/XMLSchema-instance"
	xmlns:c="http://www.springframework.org/schema/c"
	xmlns:p="http://www.springframework.org/schema/p"
	xsi:schemaLocation="http://www.springframework.org/schema/beans http://www.springframework.org/schema/beans/spring-beans.xsd">
	
	<bean id="messageSource" class="org.springframework.context.support.ReloadableResourceBundleMessageSource"
		p:cacheSeconds="60"
	>
		<property name="basenames">
			<list>
				<value>classpath:/egovframework/rte/fdl/idgnr/messages/idgnr</value>
				<value>classpath:/egovframework/rte/fdl/property/messages/properties</value>
				<value>classpath:/org/springframework/security/messages</value>
				<value>classpath:/kr/or/ddit/msg/message-common</value>
				<value>classpath:/kr/or/ddit/msg/message</value>
				<value>classpath:/kr/or/ddit/msg/errorMessage</value>
			</list>
		</property>
	</bean>

	<bean id="messageSourceAccessor" class="org.springframework.context.support.MessageSourceAccessor"
		c:messageSource-ref="messageSource" />

	<bean id="localeResolver" class="org.springframework.web.servlet.i18n.CookieLocaleResolver"
		p:cookieName="localeCookie" p:cookiePath="/"
		p:cookieMaxAge="#{60*60*24*7}" />

</beans>
