<?xml version="1.0" encoding="UTF-8"?>
<beans xmlns="http://www.springframework.org/schema/beans"
	xmlns:xsi="http://www.w3.org/2001/XMLSchema-instance"
	xmlns:context="http://www.springframework.org/schema/context"
	xmlns:util="http://www.springframework.org/schema/util"
	xmlns:c="http://www.springframework.org/schema/c"
	xmlns:p="http://www.springframework.org/schema/p"
	xsi:schemaLocation="http://www.springframework.org/schema/beans http://www.springframework.org/schema/beans/spring-beans-4.0.xsd
		http://www.springframework.org/schema/context http://www.springframework.org/schema/context/spring-context-4.0.xsd
		http://www.springframework.org/schema/util http://www.springframework.org/schema/util/spring-util-4.3.xsd">

   	<context:component-scan base-package="kr.or.ddit">
		<context:include-filter type="annotation" expression="org.aspectj.lang.annotation.Aspect"/>
		<context:exclude-filter type="annotation" expression="org.springframework.stereotype.Controller"/>
		<context:exclude-filter type="annotation" expression="org.springframework.web.bind.annotation.ControllerAdvice"/>
	</context:component-scan>
	
	<util:set id="wsSessionSet" value-type="org.springframework.web.socket.WebSocketSession" />
	
	<!-- web.xml 에 등록된 MultipartFilter 에 의해 사용될 MultipartResolver -->
	<bean id="filterMultipartResolver" class="org.springframework.web.multipart.support.StandardServletMultipartResolver" />
	
	
	<bean id="antPathMater" class="org.springframework.util.AntPathMatcher" />
	<bean id="defaultTraceHandler" class="egovframework.rte.fdl.cmmn.trace.handler.DefaultTraceHandler" />

	<bean id="leaveaTrace" class="egovframework.rte.fdl.cmmn.trace.LeaveaTrace">
		<property name="traceHandlerServices">
			<list>
				<ref bean="traceHandlerService" />
			</list>
		</property>
	</bean>

	<bean id="traceHandlerService" class="egovframework.rte.fdl.cmmn.trace.manager.DefaultTraceHandleManager"
		p:reqExpMatcher-ref="antPathMater"
	>
		<property name="patterns">
			<list>
				<value>*</value>
			</list>
		</property>
		<property name="handlers">
			<list>
				<ref bean="defaultTraceHandler" />
			</list>
		</property>
	</bean>
	 
</beans>
