<?xml version="1.0" encoding="UTF-8"?>
<beans xmlns="http://www.springframework.org/schema/beans"
	xmlns:xsi="http://www.w3.org/2001/XMLSchema-instance"
	xmlns:c="http://www.springframework.org/schema/c"
	xmlns:p="http://www.springframework.org/schema/p"
	xsi:schemaLocation="http://www.springframework.org/schema/beans http://www.springframework.org/schema/beans/spring-beans-4.0.xsd">
	
    <bean id="beanValidator" class="org.springmodules.validation.commons.DefaultBeanValidator">
        <property name="validatorFactory" ref="validatorFactory"/>
    </bean>

    <bean id="validatorFactory" class="org.springmodules.validation.commons.DefaultValidatorFactory">
        <property name="validationConfigLocations">
            <list>
                <value>/WEB-INF/config/egovframework/validator/validator-rules.xml</value>
                <value>/WEB-INF/config/egovframework/validator/validator.xml</value>
            </list>
        </property>
    </bean>
   
   
   	<!-- 객체 검증 및 메시지 관련 -->
	<bean id="validator" class="org.springframework.validation.beanvalidation.LocalValidatorFactoryBean"
		p:validationMessageSource-ref="messageSource" />
   
</beans>
