<?xml version="1.0" encoding="UTF-8"?>
<!DOCTYPE mapper PUBLIC "-//mybatis.org//DTD Mapper 3.0//EN" "http://mybatis.org/dtd/mybatis-3-mapper.dtd">
<mapper namespace="egovframework.example.board.dao.BoardMapper">
	
	
	<select id="selectSampleList" parameterType="egovframework.example.board.vo.BoardVO" 
	resultType="egovframework.example.board.vo.BoardVO">

			SELECT
				ID, NAME, DESCRIPTION, USE_YN, REG_USER
			FROM SAMPLE
			WHERE 1=1
			<if test="searchKeyword != null and searchKeyword != ''">
		        <choose>
		            <when test="searchCondition == 0">
						AND	ID LIKE '%' || #{searchKeyword} || '%'
					</when>
		            <when test="searchCondition == 1">
						AND	NAME LIKE '%' || #{searchKeyword} || '%'
					</when>
				</choose>
			</if>
			ORDER BY ID ASC
			LIMIT #{recordCountPerPage} OFFSET #{firstIndex}
	</select>

	<select id="selectSampleListTotCnt" parameterType="egovframework.example.board.vo.BoardVO" 
	resultType="int">

			SELECT COUNT(*) totcnt
			FROM SAMPLE
			WHERE 1=1
			<if test="searchKeyword != null and searchKeyword != ''">
		        <choose>
		            <when test="searchCondition == 0">
						AND ID LIKE '%' || #{searchKeyword} || '%'
					</when>
		            <when test="searchCondition == 1">
						AND	NAME LIKE '%' || #{searchKeyword} || '%'
					</when>
				</choose>
			</if>
	</select>

</mapper>