<?xml version="1.0" encoding="UTF-8"?>
<beans xmlns="http://www.springframework.org/schema/beans"
	xmlns:xsi="http://www.w3.org/2001/XMLSchema-instance"
	xmlns:c="http://www.springframework.org/schema/c"
	xmlns:p="http://www.springframework.org/schema/p"
	xmlns:websocket="http://www.springframework.org/schema/websocket"
	xsi:schemaLocation="http://www.springframework.org/schema/beans http://www.springframework.org/schema/beans/spring-beans.xsd
		http://www.springframework.org/schema/websocket http://www.springframework.org/schema/websocket/spring-websocket-4.3.xsd">

	<bean id="echoTestWebSocketHandler" class="kr.or.ddit.websocket.EchoTestWebSocketHandler" />
	<bean id="pushMessageWebSocketHandler" class="kr.or.ddit.websocket.PushMessageWebSocketHandler" />
	<websocket:handlers>
		<websocket:mapping handler="echoTestWebSocketHandler" path="/echo"/>
		<websocket:mapping handler="pushMessageWebSocketHandler" path="/pushMessage"/>
		<websocket:handshake-interceptors>
			<bean class="org.springframework.web.socket.server.support.HttpSessionHandshakeInterceptor" 
				p:copyAllAttributes="true"
				p:copyHttpSessionId="true"
			/>
		</websocket:handshake-interceptors>
	</websocket:handlers>
</beans>
