<?xml version="1.0" encoding="UTF-8"?>
<!DOCTYPE tiles-definitions PUBLIC "-//Apache Software Foundation//DTD Tiles Configuration 3.0//EN" "http://tiles.apache.org/dtds/tiles-config_3_0.dtd" >
<tiles-definitions>
  <definition name="parent" template="/WEB-INF/views/template.jsp">
  	<put-attribute name="preScript" value="/includee/preScript.jsp"/>
  	<put-attribute name="topMenu" value="/includee/topMenu.jsp"/>
  	<put-attribute name="leftMenu" value="/includee/leftMenu.jsp"/>
  	<put-attribute name="footer" value="/includee/footer.jsp"/>
  </definition>
  
  <definition name="index" extends="parent">
  	<put-attribute name="contents" value="/WEB-INF/views/index.jsp" />
  </definition>
  <definition name="login/loginForm" extends="parent">
  	<put-attribute name="contents" value="/WEB-INF/views/login/loginForm.jsp" />
  </definition>
  <definition name="board/*" extends="parent">
  	<put-attribute name="contents" value="/WEB-INF/views/board/{1}.jsp" />
  </definition>
</tiles-definitions>












