<?xml version="1.0" encoding="UTF-8"?>
<!DOCTYPE tiles-definitions PUBLIC "-//Apache Software Foundation//DTD Tiles Configuration 3.0//EN" "http://tiles.apache.org/dtds/tiles-config_3_0.dtd" >
<tiles-definitions>
  <definition name="book/guestBook" extends="parent">
  	<put-attribute name="contents" value="/WEB-INF/views/book/guestBook.jsp" />
  </definition>
  
  <definition name="security/authForm" extends="parent">
  	<put-attribute name="contents" value="/WEB-INF/views/security/authForm.jsp" />
  </definition>
  <definition name="sample/*" extends="parent">
  	<put-attribute name="contents" value="/WEB-INF/views/sample/{1}.jsp" />
  </definition>
</tiles-definitions>
