<?xml version="1.0" encoding="UTF-8"?>
<!DOCTYPE mapper PUBLIC "-//mybatis.org//DTD Mapper 3.0//EN" "http://mybatis.org/dtd/mybatis-3-mapper.dtd">
<mapper namespace="kr.or.ddit.guestbook.dao.IGuestBookDAO">
	<insert id="insertGuestBook" parameterType="GuestBookVO">
		<selectKey order="BEFORE" resultType="int" keyProperty="gb_no">
			SELECT NVL(MAX(GB_NO), 0)+1 FROM GUESTBOOK
		</selectKey>
		INSERT	INTO GUESTBOOK
		  (
		    GB_NO,		    GB_WRITER,		    GB_PASS,
		    GB_IP,		    GB_CONTENT,		    GB_DATE,		    
		    GB_PROFILE  ,   GB_SECRET 
		    <if test="gb_parent gt 0 and gb_depth gt 1">	
			    , GB_PARENT
			    , GB_DEPTH
		    </if>
		  )
		  VALUES
		  (
		  	#{gb_no},		    #{gb_writer,jdbcType=VARCHAR},		    #{gb_pass,jdbcType=VARCHAR},
		    #{gb_ip,jdbcType=VARCHAR},		    #{gb_content,jdbcType=VARCHAR},		SYSDATE,
		    #{gb_profile,jdbcType=BLOB} , #{gb_secret,jdbcType=CHAR}
		    <if test="gb_parent gt 0 and gb_depth gt 1">	    
			    , #{gb_parent,jdbcType=NUMERIC}		    
			    , #{gb_depth,jdbcType=NUMERIC}
		    </if>		   	    
		  )
	</insert>
	<select id="selectGuestBook" parameterType="GuestBookVO" resultType="GuestBookVO">
		SELECT 
				GB_NO,			    GB_WRITER,			    GB_PASS,
			    GB_IP,			    GB_CONTENT,			    GB_PARENT,
			    GB_DEPTH,			TO_CHAR(GB_DATE, 'YYYY-MM-DD') GB_DATE,
			    GB_PROFILE,		    GB_SECRET
		FROM GUESTBOOK
		WHERE GB_NO = #{gb_no} AND GB_PASS =	#{gb_pass} 
	</select>
	<select id="selectGuestBookCount" parameterType="PagingVO" resultType="int">
		SELECT COUNT(GB_NO)
		FROM GUESTBOOK
	</select>
	<select id="selectGuestBookList" parameterType="PagingVO" resultType="GuestBookVO">
		WITH ORDEREDGUESTBOOK AS
		(
			SELECT 
					GB_NO,			    GB_WRITER,			    GB_PASS,
				    GB_IP,			    DECODE(GB_SECRET, 'Y', '비밀글임.', GB_CONTENT) GB_CONTENT,
				    GB_PARENT,		    GB_DEPTH,			TO_CHAR(GB_DATE, 'YYYY-MM-DD') GB_DATE,
				    GB_PROFILE,		    GB_SECRET
			FROM GUESTBOOK
			START WITH GB_PARENT IS NULL
			CONNECT BY PRIOR GB_NO = GB_PARENT
			ORDER SIBLINGS BY GB_NO DESC	    
		)
		SELECT *
		FROM (
			SELECT ROWNUM RNUM, ORDEREDGUESTBOOK.* 
			FROM ORDEREDGUESTBOOK
		)	
		WHERE RNUM BETWEEN #{startRow} AND #{endRow}
	</select>
	<update id="updateGuestBook" parameterType="GuestBookVO">
		UPDATE GUESTBOOK
		<trim prefix="SET" prefixOverrides=",">
		<if test="@org.apache.commons.lang3.StringUtils@isNotBlank(gb_writer)">
			, GB_WRITER	=	#{gb_writer,jdbcType=VARCHAR} 
		</if>
		<if test="@org.apache.commons.lang3.StringUtils@isNotBlank(gb_content)">
			, GB_CONTENT	=	#{gb_content,jdbcType=VARCHAR}
		</if>
		<if test="gb_profile!=null">
			, GB_PROFILE	=	#{gb_profile,jdbcType=BLOB}
		</if>
		, GB_SECRET	=	#{gb_secret,jdbcType=CHAR}	
		</trim>
		WHERE GB_NO	=	#{gb_no} AND GB_PASS =	#{gb_pass} 
	</update>
	<delete id="deleteGuestBook" parameterType="GuestBookVO">
		DELETE FROM GUESTBOOK
		WHERE GB_NO IN (
				SELECT GB_NO FROM GUESTBOOK 
				START WITH GB_NO = #{gb_no} AND GB_PASS = #{gb_pass} 
				CONNECT BY PRIOR GB_NO = GB_PARENT
			)
	</delete>
</mapper>


















