<?xml version="1.0" encoding="UTF-8"?>
<!DOCTYPE mapper PUBLIC "-//mybatis.org//DTD Mapper 3.0//EN" "http://mybatis.org/dtd/mybatis-3-mapper.dtd">
<mapper namespace="kr.or.ddit.egovframework.example.sample.service.impl.SampleMapper">

	<resultMap id="sample" type="SampleVO">
		<result property="id" column="id"/>
		<result property="name" column="name"/>
		<result property="description" column="description"/>
		<result property="useYn" column="use_yn"/>
		<result property="regUser" column="reg_user"/>
	</resultMap>

	<insert id="insertSample" parameterType="SampleVO">

			INSERT INTO SAMPLE
				( ID
				  , NAME
				  , DESCRIPTION
				  , USE_YN
				  , REG_USER )
			VALUES ( #{id}
				  , #{name}
				  , #{description}
				  , #{useYn}
				  , #{regUser} )

	</insert>

	<update id="updateSample">

			UPDATE SAMPLE
			SET ID=#{id}
				, NAME=#{name}
				, DESCRIPTION=#{description}
				, USE_YN=#{useYn}
				  WHERE ID=#{id}

	</update>

	<delete id="deleteSample">

			DELETE FROM SAMPLE
			WHERE ID=#{id}

	</delete>

	<select id="selectSample" resultMap="sample">

			SELECT
				ID, NAME, DESCRIPTION, USE_YN, REG_USER
			FROM SAMPLE
			WHERE ID=#{id}

	</select>

	<select id="selectSampleList" parameterType="SampleDefaultVO" resultType="egovMap">
			SELECT B.*
			FROM (
				SELECT ROWNUM RNUM, A.*
				FROM (
					SELECT
						ID, NAME, DESCRIPTION, USE_YN, REG_USER
					FROM SAMPLE
					WHERE 1=1
					<if test="searchKeyword != null and searchKeyword != ''">
				        <choose>
				            <when test="searchCondition == 0">
								AND	ID LIKE '%' || #{searchKeyword} || '%'
							</when>
				            <when test="searchCondition == 1">
								AND	NAME LIKE '%' || #{searchKeyword} || '%'
							</when>
						</choose>
					</if>
					ORDER BY ID ASC
				) A
			) B
			WHERE RNUM BETWEEN #{firstIndex} AND #{lastIndex}
	</select>

	<select id="selectSampleListTotCnt" parameterType="SampleDefaultVO" resultType="int">
			SELECT COUNT(*) totcnt
			FROM SAMPLE
			WHERE 1=1
			<if test="searchKeyword != null and searchKeyword != ''">
		        <choose>
		            <when test="searchCondition == 0">
						AND ID LIKE '%' || #{searchKeyword} || '%'
					</when>
		            <when test="searchCondition == 1">
						AND	NAME LIKE '%' || #{searchKeyword} || '%'
					</when>
				</choose>
			</if>
	</select>

</mapper>